season_id,team_id_home,team_abbreviation_home,team_name_home,game_id,game_date,matchup_home,wl_home,min,fgm_home,fga_home,fg_pct_home,fg3m_home,fg3a_home,fg3_pct_home,ftm_home,fta_home,ft_pct_home,oreb_home,dreb_home,reb_home,ast_home,stl_home,blk_home,tov_home,pf_home,pts_home,plus_minus_home,video_available_home,team_id_away,team_abbreviation_away,team_name_away,matchup_away,wl_away,fgm_away,fga_away,fg_pct_away,fg3m_away,fg3a_away,fg3_pct_away,ftm_away,fta_away,ft_pct_away,oreb_away,dreb_away,reb_away,ast_away,stl_away,blk_away,tov_away,pf_away,pts_away,plus_minus_away,video_available_away,season_type
42021,1610612763,MEM,Memphis Grizzlies,0042100151,2022-04-16 00:00:00,MEM vs. MIN,L,240,39.0,86.0,0.453,7.0,27.0,0.259,32.0,43.0,0.744,8.0,27.0,35.0,25.0,7.0,8.0,12.0,24.0,117.0,-13,1,1610612750,MIN,Minnesota Timberwolves,MIN @ MEM,W,45.0,90.0,0.5,16.0,41.0,0.39,24.0,27.0,0.889,11.0,35.0,46.0,32.0,5.0,7.0,19.0,32.0,130.0,13,1,Playoffs
42021,1610612744,GSW,Golden State Warriors,0042100161,2022-04-16 00:00:00,GSW vs. DEN,W,240,43.0,82.0,0.524,16.0,35.0,0.457,21.0,29.0,0.724,10.0,31.0,41.0,33.0,5.0,8.0,13.0,22.0,123.0,16,1,1610612743,DEN,Denver Nuggets,DEN @ GSW,L,43.0,93.0,0.462,11.0,35.0,0.314,10.0,13.0,0.769,9.0,26.0,35.0,26.0,8.0,3.0,11.0,22.0,107.0,-16,1,Playoffs
42021,1610612755,PHI,Philadelphia 76ers,0042100131,2022-04-16 00:00:00,PHI vs. TOR,W,240,43.0,84.0,0.512,16.0,32.0,0.5,29.0,34.0,0.853,10.0,29.0,39.0,29.0,6.0,4.0,4.0,18.0,131.0,20,1,1610612761,TOR,Toronto Raptors,TOR @ PHI,L,40.0,82.0,0.488,12.0,30.0,0.4,19.0,23.0,0.826,7.0,28.0,35.0,27.0,1.0,8.0,8.0,26.0,111.0,-20,1,Playoffs
42021,1610612742,DAL,Dallas Mavericks,0042100171,2022-04-16 00:00:00,DAL vs. UTA,L,240,29.0,76.0,0.382,9.0,32.0,0.281,26.0,34.0,0.765,7.0,27.0,34.0,17.0,8.0,4.0,7.0,22.0,93.0,-6,1,1610612762,UTA,Utah Jazz,UTA @ DAL,W,36.0,83.0,0.434,7.0,22.0,0.318,20.0,23.0,0.87,13.0,40.0,53.0,15.0,3.0,5.0,14.0,25.0,99.0,6,1,Playoffs
42021,1610612756,PHX,Phoenix Suns,0042100141,2022-04-17 00:00:00,PHX vs. NOP,W,240,42.0,78.0,0.538,10.0,28.0,0.357,16.0,21.0,0.762,5.0,30.0,35.0,25.0,6.0,9.0,10.0,23.0,110.0,11,1,1610612740,NOP,New Orleans Pelicans,NOP @ PHX,L,36.0,95.0,0.379,9.0,23.0,0.391,18.0,26.0,0.692,25.0,30.0,55.0,20.0,4.0,2.0,14.0,18.0,99.0,-11,1,Playoffs
42021,1610612749,MIL,Milwaukee Bucks,0042100121,2022-04-17 00:00:00,MIL vs. CHI,W,240,34.0,84.0,0.405,10.0,38.0,0.263,15.0,23.0,0.652,11.0,47.0,58.0,19.0,4.0,6.0,21.0,21.0,93.0,7,1,1610612741,CHI,Chicago Bulls,CHI @ MIL,L,31.0,96.0,0.323,7.0,37.0,0.189,17.0,19.0,0.895,16.0,37.0,53.0,17.0,10.0,3.0,11.0,22.0,86.0,-7,1,Playoffs
42021,1610612738,BOS,Boston Celtics,0042100111,2022-04-17 00:00:00,BOS vs. BKN,W,240,42.0,89.0,0.472,12.0,33.0,0.364,19.0,24.0,0.792,14.0,29.0,43.0,24.0,12.0,5.0,15.0,24.0,115.0,1,1,1610612751,BKN,Brooklyn Nets,BKN @ BOS,L,42.0,78.0,0.538,11.0,24.0,0.458,19.0,24.0,0.792,5.0,24.0,29.0,20.0,12.0,6.0,16.0,26.0,114.0,-1,1,Playoffs
42021,1610612748,MIA,Miami Heat,0042100101,2022-04-17 00:00:00,MIA vs. ATL,W,240,43.0,82.0,0.524,18.0,38.0,0.474,11.0,18.0,0.611,4.0,36.0,40.0,35.0,12.0,3.0,15.0,22.0,115.0,24,1,1610612737,ATL,Atlanta Hawks,ATL @ MIA,L,29.0,75.0,0.387,10.0,36.0,0.278,23.0,27.0,0.852,8.0,30.0,38.0,16.0,8.0,2.0,18.0,19.0,91.0,-24,1,Playoffs
42021,1610612742,DAL,Dallas Mavericks,0042100172,2022-04-18 00:00:00,DAL vs. UTA,W,240,39.0,83.0,0.47,22.0,47.0,0.468,10.0,13.0,0.769,2.0,29.0,31.0,22.0,5.0,2.0,3.0,19.0,110.0,6,1,1610612762,UTA,Utah Jazz,UTA @ DAL,L,38.0,82.0,0.463,11.0,29.0,0.379,17.0,20.0,0.85,11.0,39.0,50.0,19.0,2.0,4.0,10.0,19.0,104.0,-6,1,Playoffs
42021,1610612744,GSW,Golden State Warriors,0042100162,2022-04-18 00:00:00,GSW vs. DEN,W,240,46.0,84.0,0.548,17.0,40.0,0.425,17.0,24.0,0.708,6.0,29.0,35.0,27.0,10.0,8.0,9.0,20.0,126.0,20,1,1610612743,DEN,Denver Nuggets,DEN @ GSW,L,37.0,87.0,0.425,13.0,36.0,0.361,19.0,21.0,0.905,17.0,30.0,47.0,20.0,4.0,4.0,18.0,25.0,106.0,-20,1,Playoffs
42021,1610612755,PHI,Philadelphia 76ers,0042100132,2022-04-18 00:00:00,PHI vs. TOR,W,240,36.0,69.0,0.522,14.0,30.0,0.467,26.0,30.0,0.867,7.0,34.0,41.0,20.0,5.0,12.0,16.0,18.0,112.0,15,1,1610612761,TOR,Toronto Raptors,TOR @ PHI,L,38.0,89.0,0.427,11.0,32.0,0.344,10.0,12.0,0.833,13.0,22.0,35.0,16.0,7.0,4.0,11.0,24.0,97.0,-15,1,Playoffs
42021,1610612756,PHX,Phoenix Suns,0042100142,2022-04-19 00:00:00,PHX vs. NOP,L,240,43.0,86.0,0.5,13.0,35.0,0.371,15.0,18.0,0.833,8.0,25.0,33.0,26.0,9.0,3.0,13.0,18.0,114.0,-11,1,1610612740,NOP,New Orleans Pelicans,NOP @ PHX,W,46.0,84.0,0.548,17.0,30.0,0.567,16.0,20.0,0.8,11.0,32.0,43.0,32.0,7.0,6.0,17.0,20.0,125.0,11,1,Playoffs
42021,1610612763,MEM,Memphis Grizzlies,0042100152,2022-04-19 00:00:00,MEM vs. MIN,W,240,44.0,92.0,0.478,11.0,34.0,0.324,25.0,32.0,0.781,14.0,34.0,48.0,29.0,9.0,1.0,12.0,22.0,124.0,28,1,1610612750,MIN,Minnesota Timberwolves,MIN @ MEM,L,30.0,76.0,0.395,11.0,38.0,0.289,25.0,28.0,0.893,4.0,36.0,40.0,16.0,5.0,9.0,20.0,28.0,96.0,-28,1,Playoffs
42021,1610612748,MIA,Miami Heat,0042100102,2022-04-19 00:00:00,MIA vs. ATL,W,240,38.0,79.0,0.481,14.0,36.0,0.389,25.0,29.0,0.862,4.0,30.0,34.0,21.0,9.0,6.0,15.0,24.0,115.0,10,1,1610612737,ATL,Atlanta Hawks,ATL @ MIA,L,41.0,87.0,0.471,12.0,40.0,0.3,11.0,14.0,0.786,7.0,33.0,40.0,21.0,6.0,2.0,19.0,26.0,105.0,-10,1,Playoffs
42021,1610612749,MIL,Milwaukee Bucks,0042100122,2022-04-20 00:00:00,MIL vs. CHI,L,240,38.0,82.0,0.463,14.0,36.0,0.389,20.0,31.0,0.645,9.0,35.0,44.0,27.0,4.0,6.0,15.0,17.0,110.0,-4,1,1610612741,CHI,Chicago Bulls,CHI @ MIL,W,44.0,89.0,0.494,12.0,25.0,0.48,14.0,15.0,0.933,6.0,37.0,43.0,25.0,7.0,5.0,13.0,20.0,114.0,4,1,Playoffs
42021,1610612738,BOS,Boston Celtics,0042100112,2022-04-20 00:00:00,BOS vs. BKN,W,240,39.0,75.0,0.52,11.0,31.0,0.355,25.0,31.0,0.806,7.0,29.0,36.0,27.0,7.0,4.0,14.0,27.0,114.0,7,1,1610612751,BKN,Brooklyn Nets,BKN @ BOS,L,35.0,76.0,0.461,10.0,21.0,0.476,27.0,34.0,0.794,9.0,27.0,36.0,16.0,8.0,8.0,14.0,28.0,107.0,-7,1,Playoffs
42021,1610612761,TOR,Toronto Raptors,0042100133,2022-04-20 00:00:00,TOR vs. PHI,L,265,38.0,86.0,0.442,13.0,35.0,0.371,12.0,18.0,0.667,9.0,23.0,32.0,23.0,9.0,4.0,11.0,21.0,101.0,-3,1,1610612755,PHI,Philadelphia 76ers,PHI @ TOR,W,38.0,74.0,0.514,13.0,31.0,0.419,15.0,20.0,0.75,9.0,37.0,46.0,18.0,5.0,3.0,24.0,21.0,104.0,3,1,Playoffs
42021,1610612750,MIN,Minnesota Timberwolves,0042100153,2022-04-21 00:00:00,MIN vs. MEM,L,240,33.0,85.0,0.388,12.0,35.0,0.343,17.0,23.0,0.739,9.0,32.0,41.0,21.0,11.0,11.0,17.0,28.0,95.0,-9,1,1610612763,MEM,Memphis Grizzlies,MEM @ MIN,W,35.0,83.0,0.422,14.0,37.0,0.378,20.0,31.0,0.645,13.0,35.0,48.0,22.0,7.0,9.0,18.0,20.0,104.0,9,1,Playoffs
42021,1610612762,UTA,Utah Jazz,0042100173,2022-04-21 00:00:00,UTA vs. DAL,L,240,39.0,69.0,0.565,9.0,28.0,0.321,31.0,33.0,0.939,1.0,31.0,32.0,20.0,2.0,4.0,14.0,28.0,118.0,-8,1,1610612742,DAL,Dallas Mavericks,DAL @ UTA,W,41.0,83.0,0.494,18.0,42.0,0.429,26.0,31.0,0.839,6.0,26.0,32.0,24.0,10.0,1.0,9.0,32.0,126.0,8,1,Playoffs
42021,1610612743,DEN,Denver Nuggets,0042100163,2022-04-21 00:00:00,DEN vs. GSW,L,240,40.0,80.0,0.5,11.0,26.0,0.423,22.0,27.0,0.815,11.0,33.0,44.0,25.0,9.0,3.0,18.0,26.0,113.0,-5,1,1610612744,GSW,Golden State Warriors,GSW @ DEN,W,41.0,74.0,0.554,18.0,40.0,0.45,18.0,28.0,0.643,4.0,26.0,30.0,29.0,7.0,6.0,16.0,25.0,118.0,5,1,Playoffs
42021,1610612737,ATL,Atlanta Hawks,0042100103,2022-04-22 00:00:00,ATL vs. MIA,W,240,41.0,80.0,0.513,12.0,32.0,0.375,17.0,21.0,0.81,5.0,31.0,36.0,23.0,5.0,3.0,11.0,20.0,111.0,1,1,1610612748,MIA,Miami Heat,MIA @ ATL,L,41.0,93.0,0.441,14.0,45.0,0.311,14.0,17.0,0.824,11.0,34.0,45.0,30.0,6.0,3.0,15.0,23.0,110.0,-1,1,Playoffs
42021,1610612740,NOP,New Orleans Pelicans,0042100143,2022-04-22 00:00:00,NOP vs. PHX,L,240,38.0,79.0,0.481,11.0,32.0,0.344,24.0,31.0,0.774,11.0,34.0,45.0,17.0,4.0,5.0,15.0,28.0,111.0,-3,1,1610612756,PHX,Phoenix Suns,PHX @ NOP,W,44.0,87.0,0.506,4.0,26.0,0.154,22.0,27.0,0.815,9.0,26.0,35.0,26.0,8.0,3.0,6.0,21.0,114.0,3,1,Playoffs
42021,1610612741,CHI,Chicago Bulls,0042100123,2022-04-22 00:00:00,CHI vs. MIL,L,240,33.0,84.0,0.393,9.0,34.0,0.265,6.0,10.0,0.6,5.0,38.0,43.0,22.0,5.0,2.0,13.0,15.0,81.0,-30,1,1610612749,MIL,Milwaukee Bucks,MIL @ CHI,W,43.0,91.0,0.473,15.0,41.0,0.366,10.0,14.0,0.714,9.0,46.0,55.0,27.0,8.0,6.0,10.0,15.0,111.0,30,1,Playoffs
42021,1610612761,TOR,Toronto Raptors,0042100134,2022-04-23 00:00:00,TOR vs. PHI,W,240,37.0,88.0,0.42,8.0,34.0,0.235,28.0,35.0,0.8,13.0,33.0,46.0,19.0,9.0,6.0,11.0,20.0,110.0,8,1,1610612755,PHI,Philadelphia 76ers,PHI @ TOR,L,34.0,80.0,0.425,13.0,31.0,0.419,21.0,25.0,0.84,6.0,35.0,41.0,24.0,4.0,5.0,16.0,26.0,102.0,-8,1,Playoffs
42021,1610612762,UTA,Utah Jazz,0042100174,2022-04-23 00:00:00,UTA vs. DAL,W,240,32.0,79.0,0.405,10.0,35.0,0.286,26.0,42.0,0.619,13.0,33.0,46.0,17.0,4.0,3.0,8.0,21.0,100.0,1,1,1610612742,DAL,Dallas Mavericks,DAL @ UTA,L,33.0,77.0,0.429,15.0,44.0,0.341,18.0,23.0,0.783,7.0,36.0,43.0,15.0,4.0,2.0,12.0,29.0,99.0,-1,1,Playoffs
42021,1610612751,BKN,Brooklyn Nets,0042100113,2022-04-23 00:00:00,BKN vs. BOS,L,240,39.0,77.0,0.506,12.0,29.0,0.414,13.0,16.0,0.813,12.0,21.0,33.0,25.0,7.0,5.0,21.0,22.0,103.0,-6,1,1610612738,BOS,Boston Celtics,BOS @ BKN,W,42.0,84.0,0.5,12.0,39.0,0.308,13.0,14.0,0.929,13.0,21.0,34.0,26.0,13.0,3.0,14.0,19.0,109.0,6,1,Playoffs
42021,1610612750,MIN,Minnesota Timberwolves,0042100154,2022-04-23 00:00:00,MIN vs. MEM,W,240,35.0,74.0,0.473,18.0,36.0,0.5,31.0,40.0,0.775,6.0,28.0,34.0,23.0,7.0,8.0,16.0,23.0,119.0,1,1,1610612763,MEM,Memphis Grizzlies,MEM @ MIN,L,42.0,86.0,0.488,15.0,32.0,0.469,19.0,25.0,0.76,6.0,33.0,39.0,31.0,9.0,4.0,19.0,33.0,118.0,-1,1,Playoffs
42021,1610612737,ATL,Atlanta Hawks,0042100104,2022-04-24 00:00:00,ATL vs. MIA,L,240,30.0,75.0,0.4,15.0,42.0,0.357,11.0,20.0,0.55,11.0,30.0,41.0,18.0,2.0,3.0,15.0,21.0,86.0,-24,1,1610612748,MIA,Miami Heat,MIA @ ATL,W,40.0,92.0,0.435,13.0,42.0,0.31,17.0,21.0,0.81,15.0,33.0,48.0,22.0,8.0,1.0,7.0,23.0,110.0,24,1,Playoffs
42021,1610612740,NOP,New Orleans Pelicans,0042100144,2022-04-24 00:00:00,NOP vs. PHX,W,240,40.0,85.0,0.471,6.0,24.0,0.25,32.0,42.0,0.762,19.0,29.0,48.0,20.0,8.0,3.0,9.0,16.0,118.0,15,1,1610612756,PHX,Phoenix Suns,PHX @ NOP,L,43.0,85.0,0.506,7.0,27.0,0.259,10.0,15.0,0.667,12.0,27.0,39.0,33.0,6.0,3.0,13.0,28.0,103.0,-15,1,Playoffs
42021,1610612743,DEN,Denver Nuggets,0042100164,2022-04-24 00:00:00,DEN vs. GSW,W,240,41.0,73.0,0.562,15.0,31.0,0.484,29.0,36.0,0.806,5.0,28.0,33.0,28.0,9.0,2.0,20.0,31.0,126.0,5,1,1610612744,GSW,Golden State Warriors,GSW @ DEN,L,43.0,86.0,0.5,12.0,34.0,0.353,23.0,32.0,0.719,9.0,27.0,36.0,26.0,15.0,3.0,17.0,27.0,121.0,-5,1,Playoffs
42021,1610612741,CHI,Chicago Bulls,0042100124,2022-04-24 00:00:00,CHI vs. MIL,L,240,35.0,90.0,0.389,9.0,36.0,0.25,16.0,17.0,0.941,8.0,36.0,44.0,27.0,5.0,3.0,12.0,18.0,95.0,-24,1,1610612749,MIL,Milwaukee Bucks,MIL @ CHI,W,45.0,86.0,0.523,17.0,33.0,0.515,12.0,18.0,0.667,5.0,46.0,51.0,21.0,6.0,4.0,15.0,23.0,119.0,24,1,Playoffs
42021,1610612751,BKN,Brooklyn Nets,0042100114,2022-04-25 00:00:00,BKN vs. BOS,L,240,41.0,81.0,0.506,13.0,35.0,0.371,17.0,29.0,0.586,8.0,30.0,38.0,28.0,5.0,7.0,10.0,23.0,112.0,-4,1,1610612738,BOS,Boston Celtics,BOS @ BKN,W,42.0,89.0,0.472,14.0,35.0,0.4,18.0,22.0,0.818,10.0,35.0,45.0,26.0,3.0,4.0,13.0,28.0,116.0,4,1,Playoffs
42021,1610612755,PHI,Philadelphia 76ers,0042100135,2022-04-25 00:00:00,PHI vs. TOR,L,240,31.0,81.0,0.383,10.0,37.0,0.27,16.0,20.0,0.8,8.0,29.0,37.0,21.0,7.0,1.0,16.0,17.0,88.0,-15,1,1610612761,TOR,Toronto Raptors,TOR @ PHI,W,42.0,82.0,0.512,8.0,31.0,0.258,11.0,13.0,0.846,3.0,37.0,40.0,24.0,8.0,6.0,9.0,20.0,103.0,15,1,Playoffs
42021,1610612742,DAL,Dallas Mavericks,0042100175,2022-04-25 00:00:00,DAL vs. UTA,W,240,37.0,85.0,0.435,12.0,43.0,0.279,16.0,21.0,0.762,11.0,38.0,49.0,16.0,6.0,1.0,11.0,18.0,102.0,25,1,1610612762,UTA,Utah Jazz,UTA @ DAL,L,29.0,77.0,0.377,3.0,30.0,0.1,16.0,21.0,0.762,7.0,33.0,40.0,12.0,8.0,2.0,13.0,24.0,77.0,-25,1,Playoffs
42021,1610612763,MEM,Memphis Grizzlies,0042100155,2022-04-26 00:00:00,MEM vs. MIN,W,240,39.0,94.0,0.415,7.0,28.0,0.25,26.0,39.0,0.667,18.0,35.0,53.0,24.0,10.0,7.0,16.0,19.0,111.0,2,1,1610612750,MIN,Minnesota Timberwolves,MIN @ MEM,L,37.0,83.0,0.446,14.0,33.0,0.424,21.0,24.0,0.875,6.0,36.0,42.0,23.0,9.0,7.0,23.0,29.0,109.0,-2,1,Playoffs
42021,1610612756,PHX,Phoenix Suns,0042100145,2022-04-26 00:00:00,PHX vs. NOP,W,240,43.0,86.0,0.5,10.0,27.0,0.37,16.0,20.0,0.8,6.0,34.0,40.0,28.0,10.0,4.0,10.0,25.0,112.0,15,1,1610612740,NOP,New Orleans Pelicans,NOP @ PHX,L,32.0,80.0,0.4,5.0,25.0,0.2,28.0,35.0,0.8,13.0,34.0,47.0,14.0,6.0,5.0,15.0,20.0,97.0,-15,1,Playoffs
42021,1610612748,MIA,Miami Heat,0042100105,2022-04-26 00:00:00,MIA vs. ATL,W,240,37.0,82.0,0.451,7.0,31.0,0.226,16.0,21.0,0.762,7.0,26.0,33.0,19.0,12.0,2.0,14.0,25.0,97.0,3,1,1610612737,ATL,Atlanta Hawks,ATL @ MIA,L,31.0,74.0,0.419,8.0,25.0,0.32,24.0,28.0,0.857,12.0,30.0,42.0,15.0,8.0,2.0,19.0,22.0,94.0,-3,1,Playoffs
42021,1610612749,MIL,Milwaukee Bucks,0042100125,2022-04-27 00:00:00,MIL vs. CHI,W,240,43.0,87.0,0.494,14.0,36.0,0.389,16.0,20.0,0.8,7.0,44.0,51.0,23.0,10.0,2.0,16.0,13.0,116.0,16,1,1610612741,CHI,Chicago Bulls,CHI @ MIL,L,39.0,92.0,0.424,15.0,52.0,0.288,7.0,11.0,0.636,6.0,31.0,37.0,24.0,12.0,3.0,16.0,18.0,100.0,-16,1,Playoffs
42021,1610612744,GSW,Golden State Warriors,0042100165,2022-04-27 00:00:00,GSW vs. DEN,W,240,37.0,82.0,0.451,13.0,31.0,0.419,15.0,21.0,0.714,6.0,31.0,37.0,28.0,10.0,6.0,10.0,22.0,102.0,4,1,1610612743,DEN,Denver Nuggets,DEN @ GSW,L,36.0,81.0,0.444,6.0,29.0,0.207,20.0,29.0,0.69,14.0,36.0,50.0,26.0,5.0,5.0,15.0,21.0,98.0,-4,1,Playoffs
42021,1610612762,UTA,Utah Jazz,0042100176,2022-04-28 00:00:00,UTA vs. DAL,L,240,36.0,84.0,0.429,9.0,35.0,0.257,15.0,20.0,0.75,11.0,37.0,48.0,20.0,5.0,4.0,11.0,15.0,96.0,-2,1,1610612742,DAL,Dallas Mavericks,DAL @ UTA,W,36.0,80.0,0.45,17.0,43.0,0.395,9.0,11.0,0.818,3.0,34.0,37.0,22.0,6.0,4.0,10.0,19.0,98.0,2,1,Playoffs
42021,1610612761,TOR,Toronto Raptors,0042100136,2022-04-28 00:00:00,TOR vs. PHI,L,240,35.0,89.0,0.393,7.0,35.0,0.2,20.0,25.0,0.8,15.0,22.0,37.0,15.0,6.0,1.0,10.0,22.0,97.0,-35,1,1610612755,PHI,Philadelphia 76ers,PHI @ TOR,W,47.0,81.0,0.58,16.0,40.0,0.4,22.0,23.0,0.957,10.0,37.0,47.0,32.0,4.0,4.0,11.0,22.0,132.0,35,1,Playoffs
42021,1610612740,NOP,New Orleans Pelicans,0042100146,2022-04-28 00:00:00,NOP vs. PHX,L,240,42.0,83.0,0.506,8.0,24.0,0.333,17.0,19.0,0.895,12.0,24.0,36.0,25.0,9.0,0.0,17.0,25.0,109.0,-6,1,1610612756,PHX,Phoenix Suns,PHX @ NOP,W,45.0,75.0,0.6,8.0,20.0,0.4,17.0,18.0,0.944,5.0,27.0,32.0,23.0,8.0,2.0,14.0,21.0,115.0,6,1,Playoffs
42021,1610612750,MIN,Minnesota Timberwolves,0042100156,2022-04-29 00:00:00,MIN vs. MEM,L,240,38.0,84.0,0.452,12.0,31.0,0.387,18.0,26.0,0.692,6.0,31.0,37.0,22.0,12.0,5.0,11.0,21.0,106.0,-8,1,1610612763,MEM,Memphis Grizzlies,MEM @ MIN,W,40.0,86.0,0.465,15.0,32.0,0.469,19.0,24.0,0.792,16.0,39.0,55.0,24.0,7.0,8.0,19.0,21.0,114.0,8,1,Playoffs
42021,1610612763,MEM,Memphis Grizzlies,0042100231,2022-05-01 00:00:00,MEM vs. GSW,L,240,41.0,95.0,0.432,16.0,40.0,0.4,18.0,24.0,0.75,16.0,30.0,46.0,26.0,11.0,6.0,16.0,19.0,116.0,-1,1,1610612744,GSW,Golden State Warriors,GSW @ MEM,W,45.0,93.0,0.484,14.0,38.0,0.368,13.0,20.0,0.65,16.0,36.0,52.0,31.0,10.0,6.0,18.0,25.0,117.0,1,1,Playoffs
42021,1610612738,BOS,Boston Celtics,0042100211,2022-05-01 00:00:00,BOS vs. MIL,L,240,28.0,84.0,0.333,18.0,50.0,0.36,15.0,20.0,0.75,10.0,38.0,48.0,21.0,8.0,7.0,18.0,25.0,89.0,-12,1,1610612749,MIL,Milwaukee Bucks,MIL @ BOS,W,37.0,90.0,0.411,12.0,34.0,0.353,15.0,21.0,0.714,10.0,44.0,54.0,22.0,11.0,5.0,14.0,21.0,101.0,12,1,Playoffs
42021,1610612748,MIA,Miami Heat,0042100201,2022-05-02 00:00:00,MIA vs. PHI,W,240,40.0,92.0,0.435,9.0,36.0,0.25,17.0,18.0,0.944,15.0,32.0,47.0,21.0,5.0,2.0,13.0,18.0,106.0,14,1,1610612755,PHI,Philadelphia 76ers,PHI @ MIA,L,34.0,79.0,0.43,6.0,34.0,0.176,18.0,20.0,0.9,9.0,28.0,37.0,18.0,4.0,6.0,15.0,17.0,92.0,-14,1,Playoffs
42021,1610612756,PHX,Phoenix Suns,0042100221,2022-05-02 00:00:00,PHX vs. DAL,W,240,46.0,91.0,0.505,11.0,28.0,0.393,18.0,18.0,1.0,13.0,38.0,51.0,27.0,3.0,6.0,10.0,21.0,121.0,7,1,1610612742,DAL,Dallas Mavericks,DAL @ PHX,L,40.0,85.0,0.471,16.0,39.0,0.41,18.0,25.0,0.72,7.0,29.0,36.0,16.0,6.0,2.0,9.0,22.0,114.0,-7,1,Playoffs
42021,1610612738,BOS,Boston Celtics,0042100212,2022-05-03 00:00:00,BOS vs. MIL,W,240,38.0,80.0,0.475,20.0,43.0,0.465,13.0,15.0,0.867,7.0,33.0,40.0,28.0,10.0,5.0,16.0,23.0,109.0,23,1,1610612749,MIL,Milwaukee Bucks,MIL @ BOS,L,34.0,73.0,0.466,3.0,18.0,0.167,15.0,23.0,0.652,5.0,32.0,37.0,16.0,4.0,5.0,17.0,19.0,86.0,-23,1,Playoffs
42021,1610612763,MEM,Memphis Grizzlies,0042100232,2022-05-03 00:00:00,MEM vs. GSW,W,240,36.0,91.0,0.396,14.0,45.0,0.311,20.0,21.0,0.952,13.0,36.0,49.0,17.0,13.0,6.0,15.0,23.0,106.0,5,1,1610612744,GSW,Golden State Warriors,GSW @ MEM,L,40.0,95.0,0.421,7.0,38.0,0.184,14.0,18.0,0.778,14.0,38.0,52.0,27.0,6.0,2.0,18.0,20.0,101.0,-5,1,Playoffs
42021,1610612748,MIA,Miami Heat,0042100202,2022-05-04 00:00:00,MIA vs. PHI,W,240,40.0,78.0,0.513,14.0,29.0,0.483,25.0,31.0,0.806,8.0,36.0,44.0,25.0,5.0,3.0,14.0,22.0,119.0,16,1,1610612755,PHI,Philadelphia 76ers,PHI @ MIA,L,38.0,84.0,0.452,8.0,30.0,0.267,19.0,22.0,0.864,5.0,29.0,34.0,17.0,10.0,4.0,10.0,25.0,103.0,-16,1,Playoffs
42021,1610612756,PHX,Phoenix Suns,0042100222,2022-05-04 00:00:00,PHX vs. DAL,W,240,49.0,76.0,0.645,13.0,25.0,0.52,18.0,21.0,0.857,4.0,30.0,34.0,28.0,6.0,6.0,17.0,28.0,129.0,20,1,1610612742,DAL,Dallas Mavericks,DAL @ PHX,L,36.0,79.0,0.456,17.0,41.0,0.415,20.0,24.0,0.833,7.0,18.0,25.0,19.0,7.0,1.0,17.0,26.0,109.0,-20,1,Playoffs
42021,1610612742,DAL,Dallas Mavericks,0042100223,2022-05-06 00:00:00,DAL vs. PHX,W,240,40.0,90.0,0.444,13.0,39.0,0.333,10.0,13.0,0.769,8.0,28.0,36.0,25.0,12.0,4.0,8.0,19.0,103.0,9,1,1610612756,PHX,Phoenix Suns,PHX @ DAL,L,34.0,76.0,0.447,13.0,28.0,0.464,13.0,15.0,0.867,9.0,36.0,45.0,23.0,5.0,1.0,17.0,14.0,94.0,-9,1,Playoffs
42021,1610612755,PHI,Philadelphia 76ers,0042100203,2022-05-06 00:00:00,PHI vs. MIA,W,240,32.0,67.0,0.478,16.0,33.0,0.485,19.0,22.0,0.864,8.0,35.0,43.0,22.0,7.0,3.0,19.0,24.0,99.0,20,1,1610612748,MIA,Miami Heat,MIA @ PHI,L,27.0,77.0,0.351,7.0,30.0,0.233,18.0,24.0,0.75,11.0,25.0,36.0,14.0,11.0,1.0,13.0,22.0,79.0,-20,1,Playoffs
42021,1610612749,MIL,Milwaukee Bucks,0042100213,2022-05-07 00:00:00,MIL vs. BOS,W,240,40.0,99.0,0.404,9.0,34.0,0.265,14.0,17.0,0.824,13.0,40.0,53.0,20.0,8.0,4.0,12.0,26.0,103.0,2,1,1610612738,BOS,Boston Celtics,BOS @ MIL,L,32.0,87.0,0.368,9.0,33.0,0.273,28.0,34.0,0.824,11.0,36.0,47.0,23.0,5.0,13.0,12.0,21.0,101.0,-2,1,Playoffs
42021,1610612744,GSW,Golden State Warriors,0042100233,2022-05-07 00:00:00,GSW vs. MEM,W,240,53.0,85.0,0.624,17.0,32.0,0.531,19.0,21.0,0.905,4.0,34.0,38.0,34.0,5.0,4.0,16.0,24.0,142.0,30,1,1610612763,MEM,Memphis Grizzlies,MEM @ GSW,L,40.0,92.0,0.435,16.0,43.0,0.372,16.0,21.0,0.762,7.0,23.0,30.0,21.0,7.0,4.0,12.0,20.0,112.0,-30,1,Playoffs
42021,1610612742,DAL,Dallas Mavericks,0042100224,2022-05-08 00:00:00,DAL vs. PHX,W,240,38.0,85.0,0.447,20.0,44.0,0.455,15.0,19.0,0.789,10.0,27.0,37.0,22.0,5.0,1.0,11.0,21.0,111.0,10,1,1610612756,PHX,Phoenix Suns,PHX @ DAL,L,39.0,84.0,0.464,9.0,25.0,0.36,14.0,18.0,0.778,12.0,32.0,44.0,27.0,4.0,4.0,17.0,25.0,101.0,-10,1,Playoffs
42021,1610612755,PHI,Philadelphia 76ers,0042100204,2022-05-08 00:00:00,PHI vs. MIA,W,240,37.0,68.0,0.544,16.0,33.0,0.485,26.0,34.0,0.765,4.0,28.0,32.0,25.0,5.0,2.0,17.0,24.0,116.0,8,1,1610612748,MIA,Miami Heat,MIA @ PHI,L,38.0,82.0,0.463,7.0,35.0,0.2,25.0,28.0,0.893,5.0,28.0,33.0,24.0,9.0,5.0,13.0,26.0,108.0,-8,1,Playoffs
42021,1610612749,MIL,Milwaukee Bucks,0042100214,2022-05-09 00:00:00,MIL vs. BOS,L,240,39.0,94.0,0.415,9.0,27.0,0.333,21.0,27.0,0.778,13.0,35.0,48.0,18.0,6.0,3.0,8.0,17.0,108.0,-8,1,1610612738,BOS,Boston Celtics,BOS @ MIL,W,42.0,84.0,0.5,14.0,37.0,0.378,18.0,20.0,0.9,4.0,34.0,38.0,25.0,2.0,4.0,11.0,25.0,116.0,8,1,Playoffs
42021,1610612744,GSW,Golden State Warriors,0042100234,2022-05-09 00:00:00,GSW vs. MEM,W,240,36.0,90.0,0.4,9.0,37.0,0.243,20.0,22.0,0.909,10.0,44.0,54.0,25.0,6.0,7.0,16.0,15.0,101.0,3,1,1610612763,MEM,Memphis Grizzlies,MEM @ GSW,L,40.0,96.0,0.417,9.0,35.0,0.257,9.0,15.0,0.6,10.0,38.0,48.0,25.0,10.0,10.0,12.0,19.0,98.0,-3,1,Playoffs
42021,1610612756,PHX,Phoenix Suns,0042100225,2022-05-10 00:00:00,PHX vs. DAL,W,240,43.0,87.0,0.494,12.0,32.0,0.375,12.0,16.0,0.75,12.0,38.0,50.0,28.0,10.0,2.0,12.0,23.0,110.0,30,1,1610612742,DAL,Dallas Mavericks,DAL @ PHX,L,27.0,71.0,0.38,8.0,32.0,0.25,18.0,27.0,0.667,6.0,32.0,38.0,9.0,7.0,0.0,18.0,21.0,80.0,-30,1,Playoffs
42021,1610612748,MIA,Miami Heat,0042100205,2022-05-10 00:00:00,MIA vs. PHI,W,240,45.0,84.0,0.536,13.0,33.0,0.394,17.0,23.0,0.739,8.0,38.0,46.0,26.0,8.0,4.0,11.0,13.0,120.0,35,1,1610612755,PHI,Philadelphia 76ers,PHI @ MIA,L,31.0,85.0,0.365,9.0,32.0,0.281,14.0,15.0,0.933,10.0,26.0,36.0,14.0,8.0,2.0,16.0,19.0,85.0,-35,1,Playoffs
42021,1610612738,BOS,Boston Celtics,0042100215,2022-05-11 00:00:00,BOS vs. MIL,L,240,42.0,82.0,0.512,10.0,31.0,0.323,13.0,15.0,0.867,5.0,31.0,36.0,25.0,6.0,7.0,10.0,19.0,107.0,-3,1,1610612749,MIL,Milwaukee Bucks,MIL @ BOS,W,40.0,92.0,0.435,13.0,29.0,0.448,17.0,21.0,0.81,17.0,32.0,49.0,22.0,5.0,5.0,13.0,14.0,110.0,3,1,Playoffs
42021,1610612763,MEM,Memphis Grizzlies,0042100235,2022-05-11 00:00:00,MEM vs. GSW,W,240,47.0,99.0,0.475,18.0,41.0,0.439,22.0,30.0,0.733,18.0,37.0,55.0,37.0,12.0,4.0,10.0,17.0,134.0,39,1,1610612744,GSW,Golden State Warriors,GSW @ MEM,L,36.0,80.0,0.45,14.0,39.0,0.359,9.0,13.0,0.692,4.0,33.0,37.0,22.0,3.0,5.0,22.0,23.0,95.0,-39,1,Playoffs
42021,1610612755,PHI,Philadelphia 76ers,0042100206,2022-05-12 00:00:00,PHI vs. MIA,L,240,36.0,87.0,0.414,12.0,37.0,0.324,6.0,7.0,0.857,6.0,29.0,35.0,21.0,8.0,6.0,13.0,16.0,90.0,-9,1,1610612748,MIA,Miami Heat,MIA @ PHI,W,42.0,87.0,0.483,7.0,28.0,0.25,8.0,11.0,0.727,13.0,36.0,49.0,19.0,7.0,6.0,16.0,12.0,99.0,9,1,Playoffs
42021,1610612742,DAL,Dallas Mavericks,0042100226,2022-05-12 00:00:00,DAL vs. PHX,W,240,35.0,77.0,0.455,16.0,39.0,0.41,27.0,36.0,0.75,7.0,32.0,39.0,18.0,16.0,4.0,7.0,23.0,113.0,27,1,1610612756,PHX,Phoenix Suns,PHX @ DAL,L,31.0,78.0,0.397,6.0,18.0,0.333,18.0,21.0,0.857,13.0,32.0,45.0,18.0,3.0,2.0,22.0,27.0,86.0,-27,1,Playoffs
42021,1610612744,GSW,Golden State Warriors,0042100236,2022-05-13 00:00:00,GSW vs. MEM,W,240,41.0,104.0,0.394,20.0,53.0,0.377,8.0,11.0,0.727,25.0,45.0,70.0,24.0,3.0,10.0,19.0,17.0,110.0,14,1,1610612763,MEM,Memphis Grizzlies,MEM @ GSW,L,34.0,96.0,0.354,15.0,36.0,0.417,13.0,20.0,0.65,10.0,34.0,44.0,21.0,8.0,6.0,7.0,12.0,96.0,-14,1,Playoffs
42021,1610612749,MIL,Milwaukee Bucks,0042100216,2022-05-13 00:00:00,MIL vs. BOS,L,240,36.0,88.0,0.409,7.0,29.0,0.241,16.0,18.0,0.889,7.0,42.0,49.0,15.0,5.0,3.0,11.0,25.0,95.0,-13,1,1610612738,BOS,Boston Celtics,BOS @ MIL,W,38.0,87.0,0.437,17.0,43.0,0.395,15.0,23.0,0.652,8.0,34.0,42.0,22.0,5.0,7.0,8.0,17.0,108.0,13,1,Playoffs
42021,1610612756,PHX,Phoenix Suns,0042100227,2022-05-15 00:00:00,PHX vs. DAL,L,240,33.0,87.0,0.379,12.0,34.0,0.353,12.0,18.0,0.667,15.0,24.0,39.0,22.0,8.0,4.0,12.0,18.0,90.0,-33,1,1610612742,DAL,Dallas Mavericks,DAL @ PHX,W,46.0,81.0,0.568,19.0,39.0,0.487,12.0,12.0,1.0,6.0,37.0,43.0,14.0,9.0,6.0,12.0,17.0,123.0,33,1,Playoffs
42021,1610612738,BOS,Boston Celtics,0042100217,2022-05-15 00:00:00,BOS vs. MIL,W,240,37.0,88.0,0.42,22.0,55.0,0.4,13.0,18.0,0.722,8.0,40.0,48.0,29.0,5.0,7.0,14.0,19.0,109.0,28,1,1610612749,MIL,Milwaukee Bucks,MIL @ BOS,L,33.0,90.0,0.367,4.0,33.0,0.121,11.0,16.0,0.688,11.0,45.0,56.0,20.0,5.0,5.0,13.0,18.0,81.0,-28,1,Playoffs
42021,1610612748,MIA,Miami Heat,0042100301,2022-05-17 00:00:00,MIA vs. BOS,W,240,39.0,80.0,0.488,10.0,30.0,0.333,30.0,34.0,0.882,9.0,30.0,39.0,18.0,10.0,12.0,13.0,24.0,118.0,11,1,1610612738,BOS,Boston Celtics,BOS @ MIA,L,36.0,79.0,0.456,11.0,34.0,0.324,24.0,32.0,0.75,8.0,30.0,38.0,22.0,8.0,8.0,16.0,23.0,107.0,-11,1,Playoffs
42021,1610612744,GSW,Golden State Warriors,0042100311,2022-05-18 00:00:00,GSW vs. DAL,W,240,46.0,82.0,0.561,10.0,29.0,0.345,10.0,16.0,0.625,7.0,44.0,51.0,24.0,8.0,7.0,15.0,22.0,112.0,25,1,1610612742,DAL,Dallas Mavericks,DAL @ GSW,L,31.0,86.0,0.36,11.0,48.0,0.229,14.0,21.0,0.667,9.0,26.0,35.0,14.0,7.0,1.0,13.0,17.0,87.0,-25,1,Playoffs
42021,1610612748,MIA,Miami Heat,0042100302,2022-05-19 00:00:00,MIA vs. BOS,L,240,38.0,86.0,0.442,10.0,34.0,0.294,16.0,22.0,0.727,12.0,30.0,42.0,21.0,4.0,3.0,15.0,18.0,102.0,-25,1,1610612738,BOS,Boston Celtics,BOS @ MIA,W,43.0,84.0,0.512,20.0,40.0,0.5,21.0,23.0,0.913,8.0,33.0,41.0,28.0,8.0,5.0,10.0,21.0,127.0,25,1,Playoffs
42021,1610612744,GSW,Golden State Warriors,0042100312,2022-05-20 00:00:00,GSW vs. DAL,W,240,46.0,82.0,0.561,14.0,28.0,0.5,20.0,25.0,0.8,8.0,35.0,43.0,33.0,4.0,2.0,16.0,26.0,126.0,9,1,1610612742,DAL,Dallas Mavericks,DAL @ GSW,L,37.0,78.0,0.474,21.0,45.0,0.467,22.0,29.0,0.759,4.0,26.0,30.0,22.0,7.0,5.0,12.0,20.0,117.0,-9,1,Playoffs
42021,1610612738,BOS,Boston Celtics,0042100303,2022-05-21 00:00:00,BOS vs. MIA,L,240,34.0,70.0,0.486,12.0,32.0,0.375,23.0,30.0,0.767,9.0,35.0,44.0,21.0,2.0,7.0,24.0,21.0,103.0,-6,1,1610612748,MIA,Miami Heat,MIA @ BOS,W,43.0,92.0,0.467,11.0,33.0,0.333,12.0,14.0,0.857,8.0,26.0,34.0,22.0,19.0,4.0,9.0,24.0,109.0,6,1,Playoffs
42021,1610612742,DAL,Dallas Mavericks,0042100313,2022-05-22 00:00:00,DAL vs. GSW,L,240,30.0,75.0,0.4,13.0,45.0,0.289,27.0,34.0,0.794,7.0,26.0,33.0,18.0,4.0,2.0,9.0,18.0,100.0,-9,1,1610612744,GSW,Golden State Warriors,GSW @ DAL,W,38.0,81.0,0.469,11.0,32.0,0.344,22.0,25.0,0.88,14.0,33.0,47.0,28.0,5.0,1.0,13.0,23.0,109.0,9,1,Playoffs
42021,1610612738,BOS,Boston Celtics,0042100304,2022-05-23 00:00:00,BOS vs. MIA,W,240,31.0,78.0,0.397,8.0,34.0,0.235,32.0,38.0,0.842,14.0,46.0,60.0,21.0,4.0,11.0,11.0,15.0,102.0,20,1,1610612748,MIA,Miami Heat,MIA @ BOS,L,30.0,90.0,0.333,14.0,36.0,0.389,8.0,14.0,0.571,10.0,29.0,39.0,22.0,4.0,2.0,9.0,26.0,82.0,-20,1,Playoffs
42021,1610612742,DAL,Dallas Mavericks,0042100314,2022-05-24 00:00:00,DAL vs. GSW,W,240,41.0,82.0,0.5,20.0,43.0,0.465,17.0,22.0,0.773,4.0,41.0,45.0,30.0,4.0,6.0,8.0,19.0,119.0,10,1,1610612744,GSW,Golden State Warriors,GSW @ DAL,L,41.0,84.0,0.488,10.0,28.0,0.357,17.0,26.0,0.654,6.0,36.0,42.0,26.0,5.0,4.0,8.0,18.0,109.0,-10,1,Playoffs
42021,1610612748,MIA,Miami Heat,0042100305,2022-05-25 00:00:00,MIA vs. BOS,L,240,30.0,94.0,0.319,7.0,45.0,0.156,13.0,14.0,0.929,19.0,30.0,49.0,14.0,7.0,2.0,12.0,19.0,80.0,-13,1,1610612738,BOS,Boston Celtics,BOS @ MIA,W,33.0,71.0,0.465,10.0,33.0,0.303,17.0,23.0,0.739,6.0,40.0,46.0,24.0,5.0,7.0,15.0,19.0,93.0,13,1,Playoffs
42021,1610612744,GSW,Golden State Warriors,0042100315,2022-05-26 00:00:00,GSW vs. DAL,W,240,45.0,88.0,0.511,14.0,36.0,0.389,16.0,16.0,1.0,14.0,37.0,51.0,36.0,6.0,3.0,11.0,20.0,120.0,10,1,1610612742,DAL,Dallas Mavericks,DAL @ GSW,L,37.0,82.0,0.451,17.0,42.0,0.405,19.0,25.0,0.76,6.0,28.0,34.0,22.0,6.0,4.0,8.0,18.0,110.0,-10,1,Playoffs
42021,1610612738,BOS,Boston Celtics,0042100306,2022-05-27 00:00:00,BOS vs. MIA,L,240,32.0,72.0,0.444,11.0,33.0,0.333,28.0,31.0,0.903,6.0,28.0,34.0,22.0,10.0,4.0,18.0,28.0,103.0,-8,1,1610612748,MIA,Miami Heat,MIA @ BOS,W,36.0,78.0,0.462,15.0,35.0,0.429,24.0,25.0,0.96,11.0,26.0,37.0,25.0,10.0,2.0,19.0,27.0,111.0,8,1,Playoffs
42021,1610612748,MIA,Miami Heat,0042100307,2022-05-29 00:00:00,MIA vs. BOS,L,240,37.0,88.0,0.42,6.0,30.0,0.2,16.0,24.0,0.667,7.0,37.0,44.0,16.0,4.0,5.0,10.0,18.0,96.0,-4,1,1610612738,BOS,Boston Celtics,BOS @ MIA,W,35.0,85.0,0.412,11.0,32.0,0.344,19.0,24.0,0.792,10.0,41.0,51.0,22.0,4.0,6.0,13.0,26.0,100.0,4,1,Playoffs
42021,1610612744,GSW,Golden State Warriors,0042100401,2022-06-02 00:00:00,GSW vs. BOS,L,240,39.0,88.0,0.443,19.0,45.0,0.422,11.0,15.0,0.733,12.0,27.0,39.0,24.0,8.0,6.0,14.0,16.0,108.0,-12,1,1610612738,BOS,Boston Celtics,BOS @ GSW,W,43.0,85.0,0.506,21.0,41.0,0.512,13.0,16.0,0.813,7.0,32.0,39.0,33.0,7.0,6.0,13.0,13.0,120.0,12,1,Playoffs
42021,1610612744,GSW,Golden State Warriors,0042100402,2022-06-05 00:00:00,GSW vs. BOS,W,240,39.0,86.0,0.453,15.0,37.0,0.405,14.0,20.0,0.7,6.0,36.0,42.0,25.0,15.0,2.0,12.0,17.0,107.0,19,1,1610612738,BOS,Boston Celtics,BOS @ GSW,L,30.0,80.0,0.375,15.0,37.0,0.405,13.0,17.0,0.765,6.0,37.0,43.0,24.0,5.0,7.0,19.0,18.0,88.0,-19,1,Playoffs
42021,1610612738,BOS,Boston Celtics,0042100403,2022-06-08 00:00:00,BOS vs. GSW,W,240,43.0,89.0,0.483,13.0,35.0,0.371,17.0,24.0,0.708,15.0,32.0,47.0,28.0,7.0,7.0,12.0,17.0,116.0,16,1,1610612744,GSW,Golden State Warriors,GSW @ BOS,L,36.0,78.0,0.462,15.0,40.0,0.375,13.0,15.0,0.867,6.0,25.0,31.0,22.0,7.0,5.0,17.0,23.0,100.0,-16,1,Playoffs
42021,1610612738,BOS,Boston Celtics,0042100404,2022-06-10 00:00:00,BOS vs. GSW,L,240,34.0,85.0,0.4,15.0,38.0,0.395,14.0,19.0,0.737,11.0,31.0,42.0,22.0,8.0,6.0,16.0,17.0,97.0,-10,1,1610612744,GSW,Golden State Warriors,GSW @ BOS,W,40.0,91.0,0.44,15.0,43.0,0.349,12.0,15.0,0.8,16.0,39.0,55.0,20.0,10.0,5.0,16.0,21.0,107.0,10,1,Playoffs
42021,1610612744,GSW,Golden State Warriors,0042100405,2022-06-13 00:00:00,GSW vs. BOS,W,240,41.0,88.0,0.466,9.0,40.0,0.225,13.0,15.0,0.867,4.0,35.0,39.0,23.0,9.0,2.0,7.0,28.0,104.0,10,1,1610612738,BOS,Boston Celtics,BOS @ GSW,L,31.0,75.0,0.413,11.0,32.0,0.344,21.0,31.0,0.677,8.0,39.0,47.0,18.0,2.0,2.0,18.0,16.0,94.0,-10,1,Playoffs
42021,1610612738,BOS,Boston Celtics,0042100406,2022-06-16 00:00:00,BOS vs. GSW,L,240,34.0,80.0,0.425,11.0,28.0,0.393,11.0,12.0,0.917,11.0,30.0,41.0,27.0,8.0,8.0,23.0,16.0,90.0,-13,1,1610612744,GSW,Golden State Warriors,GSW @ BOS,W,38.0,92.0,0.413,19.0,46.0,0.413,8.0,8.0,1.0,15.0,29.0,44.0,27.0,13.0,7.0,17.0,20.0,103.0,13,1,Playoffs
42022,1610612758,SAC,Sacramento Kings,0042200161,2023-04-15 00:00:00,SAC vs. GSW,W,240,44.0,98.0,0.449,12.0,32.0,0.375,26.0,32.0,0.813,17.0,33.0,50.0,18.0,10.0,3.0,13.0,23.0,126.0,3,1,1610612744,GSW,Golden State Warriors,GSW @ SAC,L,43.0,90.0,0.478,16.0,50.0,0.32,21.0,27.0,0.778,9.0,32.0,41.0,31.0,7.0,7.0,15.0,25.0,123.0,-3,1,Playoffs
42022,1610612738,BOS,Boston Celtics,0042200111,2023-04-15 00:00:00,BOS vs. ATL,W,240,42.0,88.0,0.477,13.0,33.0,0.394,15.0,18.0,0.833,12.0,46.0,58.0,25.0,6.0,7.0,17.0,15.0,112.0,13,1,1610612737,ATL,Atlanta Hawks,ATL @ BOS,L,38.0,98.0,0.388,5.0,29.0,0.172,18.0,22.0,0.818,14.0,31.0,45.0,23.0,13.0,4.0,11.0,17.0,99.0,-13,1,Playoffs
42022,1610612739,CLE,Cleveland Cavaliers,0042200131,2023-04-15 00:00:00,CLE vs. NYK,L,240,36.0,83.0,0.434,10.0,31.0,0.323,15.0,21.0,0.714,11.0,27.0,38.0,20.0,9.0,2.0,14.0,17.0,97.0,-4,1,1610612752,NYK,New York Knicks,NYK @ CLE,W,37.0,88.0,0.42,8.0,29.0,0.276,19.0,22.0,0.864,17.0,34.0,51.0,18.0,11.0,1.0,16.0,20.0,101.0,4,1,Playoffs
42022,1610612755,PHI,Philadelphia 76ers,0042200121,2023-04-15 00:00:00,PHI vs. BKN,W,240,42.0,89.0,0.472,21.0,43.0,0.488,16.0,16.0,1.0,14.0,24.0,38.0,32.0,14.0,3.0,9.0,17.0,121.0,20,1,1610612751,BKN,Brooklyn Nets,BKN @ PHI,L,39.0,70.0,0.557,13.0,29.0,0.448,10.0,15.0,0.667,5.0,30.0,35.0,23.0,3.0,5.0,20.0,15.0,101.0,-20,1,Playoffs
42022,1610612749,MIL,Milwaukee Bucks,0042200101,2023-04-16 00:00:00,MIL vs. MIA,L,240,45.0,91.0,0.495,11.0,45.0,0.244,16.0,22.0,0.727,8.0,30.0,38.0,29.0,3.0,4.0,13.0,22.0,117.0,-13,1,1610612748,MIA,Miami Heat,MIA @ MIL,W,50.0,84.0,0.595,15.0,25.0,0.6,15.0,21.0,0.714,4.0,32.0,36.0,32.0,6.0,1.0,16.0,24.0,130.0,13,1,Playoffs
42022,1610612756,PHX,Phoenix Suns,0042200171,2023-04-16 00:00:00,PHX vs. LAC,L,240,39.0,82.0,0.476,6.0,19.0,0.316,26.0,33.0,0.788,6.0,36.0,42.0,27.0,8.0,9.0,10.0,25.0,110.0,-5,1,1610612746,LAC,LA Clippers,LAC @ PHX,W,41.0,93.0,0.441,10.0,31.0,0.323,23.0,29.0,0.793,15.0,34.0,49.0,23.0,6.0,4.0,14.0,21.0,115.0,5,1,Playoffs
42022,1610612763,MEM,Memphis Grizzlies,0042200151,2023-04-16 00:00:00,MEM vs. LAL,L,240,42.0,89.0,0.472,13.0,36.0,0.361,15.0,16.0,0.938,6.0,28.0,34.0,24.0,6.0,2.0,12.0,19.0,112.0,-16,1,1610612747,LAL,Los Angeles Lakers,LAL @ MEM,W,49.0,92.0,0.533,16.0,37.0,0.432,14.0,16.0,0.875,10.0,35.0,45.0,25.0,7.0,11.0,16.0,18.0,128.0,16,1,Playoffs
42022,1610612743,DEN,Denver Nuggets,0042200141,2023-04-16 00:00:00,DEN vs. MIN,W,240,41.0,90.0,0.456,16.0,39.0,0.41,11.0,17.0,0.647,11.0,43.0,54.0,24.0,6.0,4.0,11.0,20.0,109.0,29,1,1610612750,MIN,Minnesota Timberwolves,MIN @ DEN,L,30.0,81.0,0.37,11.0,36.0,0.306,9.0,16.0,0.563,5.0,33.0,38.0,18.0,6.0,6.0,12.0,16.0,80.0,-29,1,Playoffs
42022,1610612758,SAC,Sacramento Kings,0042200162,2023-04-17 00:00:00,SAC vs. GSW,W,240,42.0,92.0,0.457,9.0,38.0,0.237,21.0,29.0,0.724,12.0,29.0,41.0,22.0,11.0,5.0,14.0,25.0,114.0,8,1,1610612744,GSW,Golden State Warriors,GSW @ SAC,L,39.0,82.0,0.476,13.0,40.0,0.325,15.0,18.0,0.833,9.0,32.0,41.0,18.0,6.0,2.0,22.0,26.0,106.0,-8,1,Playoffs
42022,1610612755,PHI,Philadelphia 76ers,0042200122,2023-04-17 00:00:00,PHI vs. BKN,W,240,36.0,80.0,0.45,11.0,35.0,0.314,13.0,16.0,0.813,13.0,43.0,56.0,21.0,8.0,7.0,19.0,22.0,96.0,12,1,1610612751,BKN,Brooklyn Nets,BKN @ PHI,L,30.0,80.0,0.375,13.0,42.0,0.31,11.0,17.0,0.647,5.0,28.0,33.0,24.0,10.0,1.0,9.0,20.0,84.0,-12,1,Playoffs
42022,1610612739,CLE,Cleveland Cavaliers,0042200132,2023-04-18 00:00:00,CLE vs. NYK,W,240,38.0,77.0,0.494,14.0,33.0,0.424,17.0,21.0,0.81,11.0,32.0,43.0,26.0,10.0,7.0,18.0,22.0,107.0,17,1,1610612752,NYK,New York Knicks,NYK @ CLE,L,29.0,79.0,0.367,7.0,29.0,0.241,25.0,30.0,0.833,13.0,23.0,36.0,16.0,14.0,5.0,18.0,18.0,90.0,-17,1,Playoffs
42022,1610612738,BOS,Boston Celtics,0042200112,2023-04-18 00:00:00,BOS vs. ATL,W,240,48.0,86.0,0.558,15.0,33.0,0.455,8.0,10.0,0.8,5.0,39.0,44.0,28.0,10.0,12.0,16.0,8.0,119.0,13,1,1610612737,ATL,Atlanta Hawks,ATL @ BOS,L,43.0,101.0,0.426,16.0,48.0,0.333,4.0,8.0,0.5,19.0,30.0,49.0,21.0,10.0,4.0,16.0,11.0,106.0,-13,1,Playoffs
42022,1610612756,PHX,Phoenix Suns,0042200172,2023-04-18 00:00:00,PHX vs. LAC,W,240,50.0,85.0,0.588,10.0,24.0,0.417,13.0,14.0,0.929,7.0,28.0,35.0,30.0,6.0,6.0,11.0,22.0,123.0,14,1,1610612746,LAC,LA Clippers,LAC @ PHX,L,35.0,80.0,0.438,11.0,30.0,0.367,28.0,31.0,0.903,12.0,20.0,32.0,17.0,7.0,4.0,15.0,20.0,109.0,-14,1,Playoffs
42022,1610612743,DEN,Denver Nuggets,0042200142,2023-04-19 00:00:00,DEN vs. MIN,W,240,46.0,85.0,0.541,10.0,22.0,0.455,20.0,25.0,0.8,9.0,27.0,36.0,26.0,6.0,1.0,10.0,25.0,122.0,9,1,1610612750,MIN,Minnesota Timberwolves,MIN @ DEN,L,40.0,79.0,0.506,14.0,31.0,0.452,19.0,23.0,0.826,9.0,26.0,35.0,24.0,4.0,5.0,13.0,25.0,113.0,-9,1,Playoffs
42022,1610612749,MIL,Milwaukee Bucks,0042200102,2023-04-19 00:00:00,MIL vs. MIA,W,240,53.0,99.0,0.535,25.0,49.0,0.51,7.0,8.0,0.875,9.0,36.0,45.0,35.0,9.0,4.0,11.0,16.0,138.0,16,1,1610612748,MIA,Miami Heat,MIA @ MIL,L,45.0,84.0,0.536,16.0,36.0,0.444,16.0,23.0,0.696,7.0,34.0,41.0,26.0,10.0,2.0,17.0,9.0,122.0,-16,1,Playoffs
42022,1610612763,MEM,Memphis Grizzlies,0042200152,2023-04-19 00:00:00,MEM vs. LAL,W,240,38.0,89.0,0.427,11.0,36.0,0.306,16.0,21.0,0.762,11.0,38.0,49.0,24.0,4.0,6.0,10.0,20.0,103.0,10,1,1610612747,LAL,Los Angeles Lakers,LAL @ MEM,L,35.0,85.0,0.412,7.0,26.0,0.269,16.0,21.0,0.762,11.0,36.0,47.0,21.0,5.0,7.0,13.0,19.0,93.0,-10,1,Playoffs
42022,1610612751,BKN,Brooklyn Nets,0042200123,2023-04-20 00:00:00,BKN vs. PHI,L,240,34.0,79.0,0.43,10.0,30.0,0.333,19.0,22.0,0.864,8.0,26.0,34.0,22.0,5.0,3.0,10.0,13.0,97.0,-5,1,1610612755,PHI,Philadelphia 76ers,PHI @ BKN,W,40.0,82.0,0.488,13.0,31.0,0.419,9.0,13.0,0.692,11.0,35.0,46.0,15.0,5.0,3.0,15.0,17.0,102.0,5,1,Playoffs
42022,1610612744,GSW,Golden State Warriors,0042200163,2023-04-20 00:00:00,GSW vs. SAC,W,240,40.0,100.0,0.4,16.0,50.0,0.32,18.0,23.0,0.783,18.0,41.0,59.0,31.0,12.0,5.0,12.0,19.0,114.0,17,1,1610612758,SAC,Sacramento Kings,SAC @ GSW,L,35.0,92.0,0.38,11.0,47.0,0.234,16.0,23.0,0.696,13.0,40.0,53.0,21.0,6.0,3.0,15.0,22.0,97.0,-17,1,Playoffs
42022,1610612746,LAC,LA Clippers,0042200173,2023-04-20 00:00:00,LAC vs. PHX,L,240,45.0,83.0,0.542,15.0,35.0,0.429,19.0,25.0,0.76,6.0,34.0,40.0,26.0,9.0,7.0,18.0,31.0,124.0,-5,1,1610612756,PHX,Phoenix Suns,PHX @ LAC,W,42.0,88.0,0.477,10.0,27.0,0.37,35.0,46.0,0.761,15.0,30.0,45.0,20.0,12.0,4.0,13.0,18.0,129.0,5,1,Playoffs
42022,1610612737,ATL,Atlanta Hawks,0042200113,2023-04-21 00:00:00,ATL vs. BOS,W,240,51.0,91.0,0.56,15.0,34.0,0.441,13.0,16.0,0.813,11.0,37.0,48.0,24.0,5.0,6.0,19.0,15.0,130.0,8,1,1610612738,BOS,Boston Celtics,BOS @ ATL,L,45.0,92.0,0.489,21.0,48.0,0.438,11.0,16.0,0.688,6.0,23.0,29.0,31.0,11.0,0.0,12.0,17.0,122.0,-8,1,Playoffs
42022,1610612750,MIN,Minnesota Timberwolves,0042200143,2023-04-21 00:00:00,MIN vs. DEN,L,240,36.0,79.0,0.456,10.0,27.0,0.37,29.0,35.0,0.829,6.0,26.0,32.0,24.0,8.0,2.0,13.0,21.0,111.0,-9,1,1610612743,DEN,Denver Nuggets,DEN @ MIN,W,48.0,84.0,0.571,13.0,32.0,0.406,11.0,13.0,0.846,5.0,35.0,40.0,32.0,8.0,4.0,15.0,26.0,120.0,9,1,Playoffs
42022,1610612752,NYK,New York Knicks,0042200133,2023-04-21 00:00:00,NYK vs. CLE,W,240,39.0,83.0,0.47,10.0,33.0,0.303,11.0,18.0,0.611,11.0,34.0,45.0,21.0,14.0,5.0,14.0,17.0,99.0,20,1,1610612739,CLE,Cleveland Cavaliers,CLE @ NYK,L,31.0,80.0,0.388,7.0,33.0,0.212,10.0,17.0,0.588,13.0,29.0,42.0,16.0,7.0,4.0,21.0,18.0,79.0,-20,1,Playoffs
42022,1610612746,LAC,LA Clippers,0042200174,2023-04-22 00:00:00,LAC vs. PHX,L,240,40.0,92.0,0.435,12.0,37.0,0.324,8.0,10.0,0.8,9.0,24.0,33.0,19.0,7.0,5.0,13.0,22.0,100.0,-12,1,1610612756,PHX,Phoenix Suns,PHX @ LAC,W,41.0,84.0,0.488,9.0,22.0,0.409,21.0,27.0,0.778,14.0,35.0,49.0,25.0,10.0,8.0,18.0,14.0,112.0,12,1,Playoffs
42022,1610612747,LAL,Los Angeles Lakers,0042200153,2023-04-22 00:00:00,LAL vs. MEM,W,240,41.0,90.0,0.456,7.0,28.0,0.25,22.0,27.0,0.815,11.0,37.0,48.0,19.0,11.0,8.0,16.0,18.0,111.0,10,1,1610612763,MEM,Memphis Grizzlies,MEM @ LAL,L,35.0,93.0,0.376,13.0,39.0,0.333,18.0,20.0,0.9,18.0,32.0,50.0,23.0,7.0,2.0,18.0,22.0,101.0,-10,1,Playoffs
42022,1610612748,MIA,Miami Heat,0042200103,2023-04-22 00:00:00,MIA vs. MIL,W,240,45.0,84.0,0.536,16.0,33.0,0.485,15.0,17.0,0.882,8.0,36.0,44.0,22.0,13.0,4.0,14.0,18.0,121.0,22,1,1610612749,MIL,Milwaukee Bucks,MIL @ MIA,L,38.0,85.0,0.447,15.0,39.0,0.385,8.0,12.0,0.667,8.0,29.0,37.0,22.0,7.0,3.0,18.0,15.0,99.0,-22,1,Playoffs
42022,1610612751,BKN,Brooklyn Nets,0042200124,2023-04-22 00:00:00,BKN vs. PHI,L,240,33.0,80.0,0.413,9.0,37.0,0.243,13.0,19.0,0.684,5.0,33.0,38.0,20.0,3.0,6.0,10.0,14.0,88.0,-8,1,1610612755,PHI,Philadelphia 76ers,PHI @ BKN,W,36.0,91.0,0.396,9.0,24.0,0.375,15.0,16.0,0.938,15.0,39.0,54.0,19.0,7.0,3.0,10.0,19.0,96.0,8,1,Playoffs
42022,1610612752,NYK,New York Knicks,0042200134,2023-04-23 00:00:00,NYK vs. CLE,W,240,38.0,84.0,0.452,8.0,29.0,0.276,18.0,28.0,0.643,17.0,30.0,47.0,15.0,5.0,7.0,14.0,15.0,102.0,9,1,1610612739,CLE,Cleveland Cavaliers,CLE @ NYK,L,36.0,77.0,0.468,6.0,23.0,0.261,15.0,19.0,0.789,7.0,26.0,33.0,24.0,3.0,5.0,13.0,23.0,93.0,-9,1,Playoffs
42022,1610612737,ATL,Atlanta Hawks,0042200114,2023-04-23 00:00:00,ATL vs. BOS,L,240,43.0,98.0,0.439,14.0,37.0,0.378,21.0,24.0,0.875,11.0,31.0,42.0,25.0,8.0,4.0,12.0,24.0,121.0,-8,1,1610612738,BOS,Boston Celtics,BOS @ ATL,W,46.0,89.0,0.517,16.0,40.0,0.4,21.0,25.0,0.84,9.0,40.0,49.0,25.0,4.0,5.0,16.0,23.0,129.0,8,1,Playoffs
42022,1610612750,MIN,Minnesota Timberwolves,0042200144,2023-04-23 00:00:00,MIN vs. DEN,W,265,42.0,93.0,0.452,13.0,34.0,0.382,17.0,22.0,0.773,14.0,37.0,51.0,23.0,6.0,7.0,12.0,19.0,114.0,6,1,1610612743,DEN,Denver Nuggets,DEN @ MIN,L,42.0,95.0,0.442,12.0,35.0,0.343,12.0,18.0,0.667,10.0,37.0,47.0,21.0,6.0,5.0,12.0,23.0,108.0,-6,1,Playoffs
42022,1610612744,GSW,Golden State Warriors,0042200164,2023-04-23 00:00:00,GSW vs. SAC,W,240,45.0,90.0,0.5,14.0,34.0,0.412,22.0,24.0,0.917,8.0,36.0,44.0,31.0,8.0,6.0,12.0,19.0,126.0,1,1,1610612758,SAC,Sacramento Kings,SAC @ GSW,L,48.0,102.0,0.471,14.0,35.0,0.4,15.0,18.0,0.833,12.0,32.0,44.0,25.0,5.0,3.0,10.0,21.0,125.0,-1,1,Playoffs
42022,1610612748,MIA,Miami Heat,0042200104,2023-04-24 00:00:00,MIA vs. MIL,W,240,43.0,87.0,0.494,13.0,32.0,0.406,20.0,25.0,0.8,9.0,38.0,47.0,21.0,9.0,5.0,16.0,20.0,119.0,5,1,1610612749,MIL,Milwaukee Bucks,MIL @ MIA,L,42.0,97.0,0.433,13.0,40.0,0.325,17.0,20.0,0.85,16.0,30.0,46.0,28.0,10.0,6.0,14.0,20.0,114.0,-5,1,Playoffs
42022,1610612747,LAL,Los Angeles Lakers,0042200154,2023-04-24 00:00:00,LAL vs. MEM,W,265,41.0,94.0,0.436,10.0,36.0,0.278,25.0,31.0,0.806,13.0,39.0,52.0,22.0,5.0,11.0,15.0,17.0,117.0,6,1,1610612763,MEM,Memphis Grizzlies,MEM @ LAL,L,42.0,106.0,0.396,9.0,42.0,0.214,18.0,21.0,0.857,16.0,33.0,49.0,26.0,7.0,7.0,13.0,26.0,111.0,-6,1,Playoffs
42022,1610612743,DEN,Denver Nuggets,0042200145,2023-04-25 00:00:00,DEN vs. MIN,W,240,34.0,85.0,0.4,12.0,34.0,0.353,32.0,36.0,0.889,16.0,31.0,47.0,22.0,10.0,3.0,12.0,21.0,112.0,3,1,1610612750,MIN,Minnesota Timberwolves,MIN @ DEN,L,41.0,81.0,0.506,8.0,33.0,0.242,19.0,25.0,0.76,8.0,32.0,40.0,24.0,9.0,4.0,14.0,27.0,109.0,-3,1,Playoffs
42022,1610612756,PHX,Phoenix Suns,0042200175,2023-04-25 00:00:00,PHX vs. LAC,W,240,51.0,94.0,0.543,13.0,26.0,0.5,21.0,24.0,0.875,11.0,32.0,43.0,31.0,7.0,4.0,9.0,27.0,136.0,6,1,1610612746,LAC,LA Clippers,LAC @ PHX,L,43.0,95.0,0.453,13.0,36.0,0.361,31.0,37.0,0.838,17.0,29.0,46.0,23.0,4.0,1.0,10.0,21.0,130.0,-6,1,Playoffs
42022,1610612738,BOS,Boston Celtics,0042200115,2023-04-25 00:00:00,BOS vs. ATL,L,240,49.0,92.0,0.533,12.0,38.0,0.316,7.0,13.0,0.538,9.0,34.0,43.0,31.0,1.0,9.0,9.0,20.0,117.0,-2,1,1610612737,ATL,Atlanta Hawks,ATL @ BOS,W,45.0,96.0,0.469,19.0,41.0,0.463,10.0,10.0,1.0,6.0,28.0,34.0,26.0,5.0,4.0,9.0,16.0,119.0,2,1,Playoffs
42022,1610612758,SAC,Sacramento Kings,0042200165,2023-04-26 00:00:00,SAC vs. GSW,L,240,42.0,90.0,0.467,10.0,34.0,0.294,22.0,26.0,0.846,12.0,32.0,44.0,22.0,9.0,3.0,19.0,18.0,116.0,-7,1,1610612744,GSW,Golden State Warriors,GSW @ SAC,W,50.0,96.0,0.521,11.0,38.0,0.289,12.0,19.0,0.632,11.0,32.0,43.0,33.0,11.0,7.0,15.0,24.0,123.0,7,1,Playoffs
42022,1610612749,MIL,Milwaukee Bucks,0042200105,2023-04-26 00:00:00,MIL vs. MIA,L,265,42.0,91.0,0.462,14.0,33.0,0.424,28.0,45.0,0.622,10.0,46.0,56.0,20.0,4.0,1.0,16.0,21.0,126.0,-2,1,1610612748,MIA,Miami Heat,MIA @ MIL,W,50.0,110.0,0.455,17.0,45.0,0.378,11.0,17.0,0.647,9.0,36.0,45.0,25.0,6.0,5.0,11.0,31.0,128.0,2,1,Playoffs
42022,1610612763,MEM,Memphis Grizzlies,0042200155,2023-04-26 00:00:00,MEM vs. LAL,W,240,44.0,99.0,0.444,14.0,40.0,0.35,14.0,17.0,0.824,14.0,38.0,52.0,24.0,6.0,2.0,11.0,19.0,116.0,17,1,1610612747,LAL,Los Angeles Lakers,LAL @ MEM,L,37.0,92.0,0.402,10.0,39.0,0.256,15.0,20.0,0.75,14.0,40.0,54.0,28.0,8.0,3.0,13.0,17.0,99.0,-17,1,Playoffs
42022,1610612739,CLE,Cleveland Cavaliers,0042200135,2023-04-26 00:00:00,CLE vs. NYK,L,240,35.0,75.0,0.467,13.0,33.0,0.394,12.0,15.0,0.8,4.0,26.0,30.0,24.0,5.0,2.0,13.0,22.0,95.0,-11,1,1610612752,NYK,New York Knicks,NYK @ CLE,W,37.0,85.0,0.435,9.0,29.0,0.31,23.0,29.0,0.793,17.0,31.0,48.0,21.0,6.0,5.0,14.0,17.0,106.0,11,1,Playoffs
42022,1610612737,ATL,Atlanta Hawks,0042200116,2023-04-27 00:00:00,ATL vs. BOS,L,240,44.0,94.0,0.468,15.0,35.0,0.429,17.0,22.0,0.773,12.0,33.0,45.0,28.0,5.0,7.0,10.0,15.0,120.0,-8,1,1610612738,BOS,Boston Celtics,BOS @ ATL,W,47.0,94.0,0.5,18.0,42.0,0.429,16.0,17.0,0.941,11.0,36.0,47.0,24.0,7.0,10.0,7.0,16.0,128.0,8,1,Playoffs
42022,1610612744,GSW,Golden State Warriors,0042200166,2023-04-28 00:00:00,GSW vs. SAC,L,240,32.0,86.0,0.372,10.0,32.0,0.313,25.0,35.0,0.714,11.0,31.0,42.0,20.0,14.0,6.0,18.0,23.0,99.0,-19,1,1610612758,SAC,Sacramento Kings,SAC @ GSW,W,40.0,99.0,0.404,17.0,45.0,0.378,21.0,25.0,0.84,18.0,35.0,53.0,25.0,10.0,8.0,20.0,26.0,118.0,19,1,Playoffs
42022,1610612747,LAL,Los Angeles Lakers,0042200156,2023-04-28 00:00:00,LAL vs. MEM,W,240,49.0,91.0,0.538,15.0,44.0,0.341,12.0,15.0,0.8,9.0,43.0,52.0,33.0,6.0,15.0,16.0,16.0,125.0,40,1,1610612763,MEM,Memphis Grizzlies,MEM @ LAL,L,29.0,96.0,0.302,12.0,38.0,0.316,15.0,20.0,0.75,14.0,31.0,45.0,19.0,10.0,2.0,14.0,17.0,85.0,-40,1,Playoffs
42022,1610612743,DEN,Denver Nuggets,0042200221,2023-04-29 00:00:00,DEN vs. PHX,W,240,48.0,101.0,0.475,16.0,37.0,0.432,13.0,15.0,0.867,16.0,33.0,49.0,22.0,14.0,1.0,10.0,19.0,125.0,18,1,1610612756,PHX,Phoenix Suns,PHX @ DEN,L,43.0,84.0,0.512,7.0,23.0,0.304,14.0,17.0,0.824,8.0,30.0,38.0,20.0,4.0,5.0,16.0,19.0,107.0,-18,1,Playoffs
42022,1610612752,NYK,New York Knicks,0042200201,2023-04-30 00:00:00,NYK vs. MIA,L,240,41.0,86.0,0.477,7.0,34.0,0.206,12.0,20.0,0.6,12.0,36.0,48.0,20.0,6.0,4.0,13.0,21.0,101.0,-7,1,1610612748,MIA,Miami Heat,MIA @ NYK,W,36.0,85.0,0.424,13.0,39.0,0.333,23.0,29.0,0.793,10.0,29.0,39.0,26.0,8.0,5.0,9.0,14.0,108.0,7,1,Playoffs
42022,1610612758,SAC,Sacramento Kings,0042200167,2023-04-30 00:00:00,SAC vs. GSW,L,240,36.0,96.0,0.375,12.0,47.0,0.255,16.0,27.0,0.593,14.0,35.0,49.0,21.0,3.0,5.0,8.0,23.0,100.0,-20,1,1610612744,GSW,Golden State Warriors,GSW @ SAC,W,43.0,100.0,0.43,15.0,46.0,0.326,19.0,30.0,0.633,18.0,37.0,55.0,25.0,4.0,6.0,7.0,23.0,120.0,20,1,Playoffs
42022,1610612738,BOS,Boston Celtics,0042200211,2023-05-01 00:00:00,BOS vs. PHI,L,240,44.0,75.0,0.587,10.0,26.0,0.385,17.0,18.0,0.944,8.0,30.0,38.0,26.0,3.0,4.0,16.0,10.0,115.0,-4,1,1610612755,PHI,Philadelphia 76ers,PHI @ BOS,W,45.0,89.0,0.506,17.0,38.0,0.447,12.0,12.0,1.0,8.0,20.0,28.0,17.0,10.0,4.0,8.0,20.0,119.0,4,1,Playoffs
42022,1610612743,DEN,Denver Nuggets,0042200222,2023-05-01 00:00:00,DEN vs. PHX,W,240,36.0,76.0,0.474,7.0,27.0,0.259,18.0,21.0,0.857,5.0,36.0,41.0,19.0,5.0,6.0,13.0,16.0,97.0,10,1,1610612756,PHX,Phoenix Suns,PHX @ DEN,L,38.0,95.0,0.4,6.0,31.0,0.194,5.0,5.0,1.0,11.0,28.0,39.0,23.0,2.0,4.0,10.0,25.0,87.0,-10,1,Playoffs
42022,1610612744,GSW,Golden State Warriors,0042200231,2023-05-02 00:00:00,GSW vs. LAL,L,240,43.0,106.0,0.406,21.0,53.0,0.396,5.0,6.0,0.833,14.0,35.0,49.0,30.0,5.0,3.0,8.0,24.0,112.0,-5,1,1610612747,LAL,Los Angeles Lakers,LAL @ GSW,W,43.0,92.0,0.467,6.0,25.0,0.24,25.0,29.0,0.862,13.0,40.0,53.0,24.0,4.0,10.0,8.0,12.0,117.0,5,1,Playoffs
42022,1610612752,NYK,New York Knicks,0042200202,2023-05-02 00:00:00,NYK vs. MIA,W,240,37.0,82.0,0.451,16.0,40.0,0.4,21.0,30.0,0.7,11.0,39.0,50.0,23.0,4.0,2.0,11.0,20.0,111.0,6,1,1610612748,MIA,Miami Heat,MIA @ NYK,L,38.0,85.0,0.447,17.0,49.0,0.347,12.0,17.0,0.706,8.0,26.0,34.0,24.0,1.0,2.0,7.0,24.0,105.0,-6,1,Playoffs
42022,1610612738,BOS,Boston Celtics,0042200212,2023-05-03 00:00:00,BOS vs. PHI,W,240,43.0,92.0,0.467,20.0,51.0,0.392,15.0,16.0,0.938,8.0,38.0,46.0,26.0,6.0,8.0,7.0,17.0,121.0,34,1,1610612755,PHI,Philadelphia 76ers,PHI @ BOS,L,31.0,79.0,0.392,6.0,30.0,0.2,19.0,23.0,0.826,6.0,35.0,41.0,13.0,2.0,8.0,13.0,17.0,87.0,-34,1,Playoffs
42022,1610612744,GSW,Golden State Warriors,0042200232,2023-05-04 00:00:00,GSW vs. LAL,W,240,48.0,95.0,0.505,21.0,42.0,0.5,10.0,16.0,0.625,13.0,42.0,55.0,38.0,2.0,3.0,16.0,23.0,127.0,27,1,1610612747,LAL,Los Angeles Lakers,LAL @ GSW,L,40.0,94.0,0.426,10.0,34.0,0.294,10.0,17.0,0.588,9.0,31.0,40.0,27.0,9.0,3.0,9.0,15.0,100.0,-27,1,Playoffs
42022,1610612756,PHX,Phoenix Suns,0042200223,2023-05-05 00:00:00,PHX vs. DEN,W,240,48.0,95.0,0.505,9.0,28.0,0.321,16.0,18.0,0.889,7.0,34.0,41.0,24.0,5.0,6.0,9.0,24.0,121.0,7,1,1610612743,DEN,Denver Nuggets,DEN @ PHX,L,43.0,97.0,0.443,10.0,30.0,0.333,18.0,21.0,0.857,16.0,35.0,51.0,27.0,6.0,5.0,13.0,21.0,114.0,-7,1,Playoffs
42022,1610612755,PHI,Philadelphia 76ers,0042200213,2023-05-05 00:00:00,PHI vs. BOS,L,240,31.0,78.0,0.397,16.0,37.0,0.432,24.0,27.0,0.889,9.0,33.0,42.0,21.0,7.0,8.0,14.0,20.0,102.0,-12,1,1610612738,BOS,Boston Celtics,BOS @ PHI,W,38.0,86.0,0.442,16.0,45.0,0.356,22.0,23.0,0.957,9.0,36.0,45.0,25.0,9.0,7.0,12.0,23.0,114.0,12,1,Playoffs
42022,1610612747,LAL,Los Angeles Lakers,0042200233,2023-05-06 00:00:00,LAL vs. GSW,W,240,42.0,80.0,0.525,15.0,31.0,0.484,28.0,37.0,0.757,6.0,38.0,44.0,27.0,10.0,6.0,13.0,21.0,127.0,30,1,1610612744,GSW,Golden State Warriors,GSW @ LAL,L,36.0,91.0,0.396,13.0,44.0,0.295,12.0,17.0,0.706,14.0,28.0,42.0,26.0,5.0,6.0,19.0,22.0,97.0,-30,1,Playoffs
42022,1610612748,MIA,Miami Heat,0042200203,2023-05-06 00:00:00,MIA vs. NYK,W,240,35.0,90.0,0.389,7.0,32.0,0.219,28.0,31.0,0.903,13.0,37.0,50.0,17.0,3.0,5.0,14.0,25.0,105.0,19,1,1610612752,NYK,New York Knicks,NYK @ MIA,L,31.0,91.0,0.341,8.0,40.0,0.2,16.0,22.0,0.727,14.0,34.0,48.0,15.0,4.0,3.0,13.0,22.0,86.0,-19,1,Playoffs
42022,1610612755,PHI,Philadelphia 76ers,0042200214,2023-05-07 00:00:00,PHI vs. BOS,W,265,42.0,91.0,0.462,13.0,34.0,0.382,19.0,22.0,0.864,12.0,32.0,44.0,19.0,9.0,3.0,9.0,23.0,116.0,1,1,1610612738,BOS,Boston Celtics,BOS @ PHI,L,41.0,87.0,0.471,17.0,44.0,0.386,16.0,22.0,0.727,13.0,31.0,44.0,25.0,3.0,12.0,10.0,21.0,115.0,-1,1,Playoffs
42022,1610612756,PHX,Phoenix Suns,0042200224,2023-05-07 00:00:00,PHX vs. DEN,W,240,46.0,81.0,0.568,13.0,29.0,0.448,24.0,29.0,0.828,12.0,25.0,37.0,28.0,6.0,4.0,13.0,24.0,129.0,5,1,1610612743,DEN,Denver Nuggets,DEN @ PHX,L,50.0,89.0,0.562,7.0,22.0,0.318,17.0,23.0,0.739,10.0,22.0,32.0,28.0,6.0,2.0,9.0,19.0,124.0,-5,1,Playoffs
42022,1610612747,LAL,Los Angeles Lakers,0042200234,2023-05-08 00:00:00,LAL vs. GSW,W,240,39.0,86.0,0.453,6.0,25.0,0.24,20.0,20.0,1.0,8.0,34.0,42.0,21.0,8.0,1.0,14.0,15.0,104.0,3,1,1610612744,GSW,Golden State Warriors,GSW @ LAL,L,40.0,86.0,0.465,12.0,41.0,0.293,9.0,12.0,0.75,9.0,31.0,40.0,29.0,9.0,2.0,16.0,22.0,101.0,-3,1,Playoffs
42022,1610612748,MIA,Miami Heat,0042200204,2023-05-08 00:00:00,MIA vs. NYK,W,240,40.0,85.0,0.471,13.0,39.0,0.333,16.0,22.0,0.727,13.0,31.0,44.0,28.0,7.0,4.0,13.0,21.0,109.0,8,1,1610612752,NYK,New York Knicks,NYK @ MIA,L,37.0,76.0,0.487,9.0,28.0,0.321,18.0,24.0,0.75,8.0,27.0,35.0,21.0,5.0,4.0,17.0,23.0,101.0,-8,1,Playoffs
42022,1610612738,BOS,Boston Celtics,0042200215,2023-05-09 00:00:00,BOS vs. PHI,L,240,33.0,83.0,0.398,12.0,38.0,0.316,25.0,34.0,0.735,9.0,27.0,36.0,21.0,4.0,1.0,8.0,16.0,103.0,-12,1,1610612755,PHI,Philadelphia 76ers,PHI @ BOS,W,40.0,79.0,0.506,12.0,30.0,0.4,23.0,27.0,0.852,9.0,40.0,49.0,20.0,4.0,5.0,13.0,24.0,115.0,12,1,Playoffs
42022,1610612743,DEN,Denver Nuggets,0042200225,2023-05-09 00:00:00,DEN vs. PHX,W,240,42.0,85.0,0.494,13.0,27.0,0.481,21.0,28.0,0.75,10.0,40.0,50.0,32.0,6.0,6.0,10.0,17.0,118.0,16,1,1610612756,PHX,Phoenix Suns,PHX @ DEN,L,38.0,88.0,0.432,9.0,27.0,0.333,17.0,24.0,0.708,8.0,34.0,42.0,22.0,6.0,7.0,10.0,22.0,102.0,-16,1,Playoffs
42022,1610612752,NYK,New York Knicks,0042200205,2023-05-10 00:00:00,NYK vs. MIA,W,240,35.0,71.0,0.493,13.0,34.0,0.382,29.0,40.0,0.725,14.0,36.0,50.0,23.0,6.0,4.0,19.0,19.0,112.0,9,1,1610612748,MIA,Miami Heat,MIA @ NYK,L,37.0,88.0,0.42,13.0,43.0,0.302,16.0,19.0,0.842,11.0,23.0,34.0,27.0,11.0,4.0,12.0,30.0,103.0,-9,1,Playoffs
42022,1610612744,GSW,Golden State Warriors,0042200235,2023-05-10 00:00:00,GSW vs. LAL,W,240,47.0,92.0,0.511,13.0,35.0,0.371,14.0,15.0,0.933,9.0,39.0,48.0,29.0,8.0,5.0,16.0,18.0,121.0,15,1,1610612747,LAL,Los Angeles Lakers,LAL @ GSW,L,42.0,87.0,0.483,10.0,27.0,0.37,12.0,15.0,0.8,7.0,31.0,38.0,24.0,6.0,4.0,14.0,17.0,106.0,-15,1,Playoffs
42022,1610612755,PHI,Philadelphia 76ers,0042200216,2023-05-11 00:00:00,PHI vs. BOS,L,240,30.0,83.0,0.361,8.0,34.0,0.235,18.0,19.0,0.947,6.0,32.0,38.0,18.0,14.0,7.0,12.0,13.0,86.0,-9,1,1610612738,BOS,Boston Celtics,BOS @ PHI,W,33.0,78.0,0.423,15.0,35.0,0.429,14.0,16.0,0.875,6.0,44.0,50.0,22.0,7.0,6.0,18.0,14.0,95.0,9,1,Playoffs
42022,1610612756,PHX,Phoenix Suns,0042200226,2023-05-11 00:00:00,PHX vs. DEN,L,240,38.0,79.0,0.481,11.0,28.0,0.393,13.0,20.0,0.65,2.0,27.0,29.0,20.0,3.0,5.0,14.0,22.0,100.0,-25,1,1610612743,DEN,Denver Nuggets,DEN @ PHX,W,44.0,82.0,0.537,8.0,22.0,0.364,29.0,31.0,0.935,7.0,34.0,41.0,24.0,10.0,3.0,11.0,22.0,125.0,25,1,Playoffs
42022,1610612747,LAL,Los Angeles Lakers,0042200236,2023-05-12 00:00:00,LAL vs. GSW,W,240,39.0,75.0,0.52,13.0,26.0,0.5,31.0,42.0,0.738,6.0,40.0,46.0,25.0,6.0,6.0,7.0,17.0,122.0,21,1,1610612744,GSW,Golden State Warriors,GSW @ LAL,L,39.0,103.0,0.379,13.0,48.0,0.271,10.0,14.0,0.714,20.0,33.0,53.0,25.0,3.0,2.0,11.0,30.0,101.0,-21,1,Playoffs
42022,1610612748,MIA,Miami Heat,0042200206,2023-05-12 00:00:00,MIA vs. NYK,W,240,33.0,82.0,0.402,7.0,27.0,0.259,23.0,25.0,0.92,7.0,33.0,40.0,25.0,8.0,2.0,7.0,22.0,96.0,4,1,1610612752,NYK,New York Knicks,NYK @ MIA,L,27.0,71.0,0.38,10.0,35.0,0.286,28.0,32.0,0.875,8.0,33.0,41.0,13.0,2.0,9.0,12.0,22.0,92.0,-4,1,Playoffs
42022,1610612738,BOS,Boston Celtics,0042200217,2023-05-14 00:00:00,BOS vs. PHI,W,240,41.0,87.0,0.471,15.0,33.0,0.455,15.0,18.0,0.833,7.0,36.0,43.0,18.0,7.0,7.0,8.0,13.0,112.0,24,1,1610612755,PHI,Philadelphia 76ers,PHI @ BOS,L,31.0,83.0,0.373,8.0,37.0,0.216,18.0,19.0,0.947,7.0,30.0,37.0,15.0,4.0,7.0,14.0,14.0,88.0,-24,1,Playoffs
42022,1610612743,DEN,Denver Nuggets,0042200311,2023-05-16 00:00:00,DEN vs. LAL,W,240,50.0,91.0,0.549,15.0,32.0,0.469,17.0,22.0,0.773,15.0,32.0,47.0,29.0,5.0,7.0,11.0,21.0,132.0,6,1,1610612747,LAL,Los Angeles Lakers,LAL @ DEN,L,46.0,84.0,0.548,11.0,24.0,0.458,23.0,26.0,0.885,5.0,25.0,30.0,30.0,6.0,4.0,7.0,21.0,126.0,-6,1,Playoffs
42022,1610612738,BOS,Boston Celtics,0042200301,2023-05-17 00:00:00,BOS vs. MIA,L,240,42.0,81.0,0.519,10.0,29.0,0.345,22.0,29.0,0.759,9.0,25.0,34.0,22.0,6.0,3.0,15.0,18.0,116.0,-7,1,1610612748,MIA,Miami Heat,MIA @ BOS,W,46.0,85.0,0.541,16.0,31.0,0.516,15.0,19.0,0.789,7.0,28.0,35.0,20.0,12.0,3.0,15.0,22.0,123.0,7,1,Playoffs
42022,1610612743,DEN,Denver Nuggets,0042200312,2023-05-18 00:00:00,DEN vs. LAL,W,240,39.0,89.0,0.438,14.0,38.0,0.368,16.0,18.0,0.889,11.0,38.0,49.0,27.0,8.0,2.0,17.0,18.0,108.0,5,1,1610612747,LAL,Los Angeles Lakers,LAL @ DEN,L,36.0,82.0,0.439,8.0,30.0,0.267,23.0,26.0,0.885,4.0,36.0,40.0,26.0,10.0,7.0,12.0,19.0,103.0,-5,1,Playoffs
42022,1610612738,BOS,Boston Celtics,0042200302,2023-05-19 00:00:00,BOS vs. MIA,L,240,37.0,79.0,0.468,10.0,35.0,0.286,21.0,24.0,0.875,6.0,29.0,35.0,22.0,2.0,9.0,15.0,20.0,105.0,-6,1,1610612748,MIA,Miami Heat,MIA @ BOS,W,42.0,92.0,0.457,9.0,26.0,0.346,18.0,19.0,0.947,11.0,34.0,45.0,23.0,9.0,5.0,11.0,17.0,111.0,6,1,Playoffs
42022,1610612747,LAL,Los Angeles Lakers,0042200313,2023-05-20 00:00:00,LAL vs. DEN,L,240,38.0,84.0,0.452,10.0,32.0,0.313,22.0,29.0,0.759,11.0,34.0,45.0,27.0,3.0,2.0,12.0,18.0,108.0,-11,1,1610612743,DEN,Denver Nuggets,DEN @ LAL,W,44.0,88.0,0.5,17.0,41.0,0.415,14.0,19.0,0.737,5.0,34.0,39.0,30.0,7.0,1.0,6.0,19.0,119.0,11,1,Playoffs
42022,1610612748,MIA,Miami Heat,0042200303,2023-05-21 00:00:00,MIA vs. BOS,W,240,46.0,81.0,0.568,19.0,35.0,0.543,17.0,21.0,0.81,1.0,34.0,35.0,25.0,7.0,4.0,10.0,16.0,128.0,26,1,1610612738,BOS,Boston Celtics,BOS @ MIA,L,39.0,98.0,0.398,11.0,42.0,0.262,13.0,17.0,0.765,21.0,36.0,57.0,25.0,3.0,3.0,15.0,24.0,102.0,-26,1,Playoffs
42022,1610612747,LAL,Los Angeles Lakers,0042200314,2023-05-22 00:00:00,LAL vs. DEN,L,240,40.0,86.0,0.465,8.0,20.0,0.4,23.0,26.0,0.885,8.0,30.0,38.0,20.0,5.0,4.0,6.0,19.0,111.0,-2,1,1610612743,DEN,Denver Nuggets,DEN @ LAL,W,41.0,85.0,0.482,12.0,33.0,0.364,19.0,22.0,0.864,11.0,29.0,40.0,25.0,3.0,9.0,11.0,20.0,113.0,2,1,Playoffs
42022,1610612748,MIA,Miami Heat,0042200304,2023-05-23 00:00:00,MIA vs. BOS,L,240,34.0,78.0,0.436,8.0,32.0,0.25,23.0,28.0,0.821,12.0,32.0,44.0,18.0,5.0,2.0,16.0,18.0,99.0,-17,1,1610612738,BOS,Boston Celtics,BOS @ MIA,W,43.0,84.0,0.512,18.0,45.0,0.4,12.0,18.0,0.667,7.0,32.0,39.0,28.0,8.0,8.0,10.0,24.0,116.0,17,1,Playoffs
42022,1610612738,BOS,Boston Celtics,0042200305,2023-05-25 00:00:00,BOS vs. MIA,W,240,40.0,79.0,0.506,16.0,39.0,0.41,14.0,19.0,0.737,12.0,25.0,37.0,23.0,13.0,4.0,10.0,9.0,110.0,13,1,1610612748,MIA,Miami Heat,MIA @ BOS,L,40.0,78.0,0.513,9.0,23.0,0.391,8.0,10.0,0.8,10.0,26.0,36.0,20.0,6.0,2.0,16.0,13.0,97.0,-13,1,Playoffs
42022,1610612748,MIA,Miami Heat,0042200306,2023-05-27 00:00:00,MIA vs. BOS,L,240,33.0,93.0,0.355,14.0,30.0,0.467,23.0,29.0,0.793,17.0,30.0,47.0,22.0,5.0,4.0,5.0,24.0,103.0,-1,1,1610612738,BOS,Boston Celtics,BOS @ MIA,W,34.0,78.0,0.436,7.0,35.0,0.2,29.0,34.0,0.853,12.0,35.0,47.0,18.0,4.0,8.0,12.0,22.0,104.0,1,1,Playoffs
42022,1610612738,BOS,Boston Celtics,0042200307,2023-05-29 00:00:00,BOS vs. MIA,L,240,32.0,82.0,0.39,9.0,42.0,0.214,11.0,13.0,0.846,10.0,30.0,40.0,18.0,6.0,4.0,15.0,13.0,84.0,-19,1,1610612748,MIA,Miami Heat,MIA @ BOS,W,42.0,86.0,0.488,14.0,28.0,0.5,5.0,6.0,0.833,7.0,35.0,42.0,26.0,7.0,2.0,14.0,15.0,103.0,19,1,Playoffs
42022,1610612743,DEN,Denver Nuggets,0042200401,2023-06-01 00:00:00,DEN vs. MIA,W,240,40.0,79.0,0.506,8.0,27.0,0.296,16.0,20.0,0.8,6.0,39.0,45.0,29.0,4.0,4.0,10.0,8.0,104.0,11,1,1610612748,MIA,Miami Heat,MIA @ DEN,L,39.0,96.0,0.406,13.0,39.0,0.333,2.0,2.0,1.0,11.0,32.0,43.0,26.0,5.0,4.0,8.0,15.0,93.0,-11,1,Playoffs
42022,1610612743,DEN,Denver Nuggets,0042200402,2023-06-04 00:00:00,DEN vs. MIA,L,240,39.0,75.0,0.52,11.0,28.0,0.393,19.0,22.0,0.864,9.0,29.0,38.0,23.0,7.0,2.0,14.0,21.0,108.0,-3,1,1610612748,MIA,Miami Heat,MIA @ DEN,W,38.0,78.0,0.487,17.0,35.0,0.486,18.0,20.0,0.9,8.0,23.0,31.0,28.0,5.0,4.0,11.0,22.0,111.0,3,1,Playoffs
42022,1610612748,MIA,Miami Heat,0042200403,2023-06-07 00:00:00,MIA vs. DEN,L,240,34.0,92.0,0.37,11.0,35.0,0.314,15.0,19.0,0.789,10.0,23.0,33.0,20.0,7.0,3.0,4.0,22.0,94.0,-15,1,1610612743,DEN,Denver Nuggets,DEN @ MIA,W,41.0,80.0,0.513,5.0,18.0,0.278,22.0,27.0,0.815,13.0,45.0,58.0,28.0,3.0,5.0,14.0,18.0,109.0,15,1,Playoffs
42022,1610612748,MIA,Miami Heat,0042200404,2023-06-09 00:00:00,MIA vs. DEN,L,240,35.0,78.0,0.449,8.0,25.0,0.32,17.0,20.0,0.85,8.0,29.0,37.0,23.0,2.0,3.0,15.0,19.0,95.0,-13,1,1610612743,DEN,Denver Nuggets,DEN @ MIA,W,39.0,79.0,0.494,14.0,28.0,0.5,16.0,21.0,0.762,5.0,29.0,34.0,26.0,11.0,7.0,8.0,18.0,108.0,13,1,Playoffs
42022,1610612743,DEN,Denver Nuggets,0042200405,2023-06-12 00:00:00,DEN vs. MIA,W,240,38.0,84.0,0.452,5.0,28.0,0.179,13.0,23.0,0.565,11.0,46.0,57.0,21.0,6.0,7.0,15.0,13.0,94.0,5,1,1610612748,MIA,Miami Heat,MIA @ DEN,L,33.0,96.0,0.344,9.0,35.0,0.257,14.0,16.0,0.875,11.0,33.0,44.0,18.0,9.0,7.0,8.0,21.0,89.0,-5,1,Playoffs
